# Per-event weight: pThatreweight(p) = 1 / sum_{pthat_j < p} n_gen_j / (xsec_pb_j * filter_eff_j), see config/README.md
# Cross sections and filter efficiencies are from the corresponding production-request tables.
# n_gen is not listed: Flat_TREEs.C counts it from Bfinder/ntGen of the input files of each pThat sample,
# matched to a row by path_pattern. Keep all pThat samples of one group in one flattening run.
# B+ pThat4, prompt X->J/psi pi pi (without rho), and campaigns not present on EOS are intentionally omitted.
system,tree,particle,promptness,pthat,path_pattern,xsec_pb,filter_eff
ppRef,ntmix,psi2s,prompt,5,PromptPsi2SToJPsiPiPi_pThat-5_,2.980e5,4.980e-1
ppRef,ntmix,psi2s,prompt,10,PromptPsi2SToJPsiPiPi_pThat-10_,3.571e4,5.380e-1
ppRef,ntmix,psi2s,prompt,15,PromptPsi2SToJPsiPiPi_pThat-15_,8.191e3,6.100e-1
ppRef,ntmix,psi2s,prompt,30,PromptPsi2SToJPsiPiPi_pThat-30_,5.566e2,6.640e-1
ppRef,ntmix,psi2s,prompt,50,PromptPsi2SToJPsiPiPi_pThat-50_,6.383e1,5.160e-1
ppRef,ntmix,psi2s,nonprompt,5,NonpromptPsi2SToJPsiPiPi_pThat-5_,2.271e7,5.160e-1
ppRef,ntmix,psi2s,nonprompt,10,NonpromptPsi2SToJPsiPiPi_pThat-10_,4.927e6,5.300e-1
ppRef,ntmix,psi2s,nonprompt,15,NonpromptPsi2SToJPsiPiPi_pThat-15_,1.348e6,6.600e-1
ppRef,ntmix,psi2s,nonprompt,30,NonpromptPsi2SToJPsiPiPi_pThat-30_,1.147e5,7.100e-1
ppRef,ntmix,psi2s,nonprompt,50,NonpromptPsi2SToJPsiPiPi_pThat-50_,1.481e4,7.900e-1
# These two private X(3872)->J/psi rho productions are single-sample groups: their weight is constant.
ppRef,ntmix,x3872,prompt,10,MC_PRIVATE_prompt_X3872_to_Jpsi_Rho_phat10_Bfinder,1.099e5,6.200e-1
ppRef,ntmix,x3872,nonprompt,5,MC_PRIVATE_nonprompt_X3872_to_Jpsi_Rho_phat5_Bfinder,2.532e7,3.000e-1
# PbPb23 official Psi(2S) and X(3872)->J/psi rho productions.
PbPb23,ntmix,psi2s,prompt,5,PromptPsi2SToJPsiPiPi_pThat-5_,2.926e5,5.000e-1
PbPb23,ntmix,psi2s,prompt,10,PromptPsi2SToJPsiPiPi_pThat-10_,3.088e4,5.900e-1
PbPb23,ntmix,psi2s,prompt,15,PromptPsi2SToJPsiPiPi_pThat-15_,8.640e3,5.600e-1
PbPb23,ntmix,psi2s,prompt,30,PromptPsi2SToJPsiPiPi_pThat-30_,5.535e2,7.100e-1
PbPb23,ntmix,psi2s,prompt,50,PromptPsi2SToJPsiPiPi_pThat-50_,5.760e1,7.800e-1
PbPb23,ntmix,psi2s,nonprompt,5,NonpromptPsi2SToJPsiPiPi_pThat-5_,2.759e7,6.100e-1
PbPb23,ntmix,psi2s,nonprompt,10,NonpromptPsi2SToJPsiPiPi_pThat-10_,5.201e6,6.100e-1
PbPb23,ntmix,psi2s,nonprompt,15,NonpromptPsi2SToJPsiPiPi_pThat-15_,1.425e6,6.500e-1
PbPb23,ntmix,psi2s,nonprompt,30,NonpromptPsi2SToJPsiPiPi_pThat-30_,1.306e5,7.600e-1
PbPb23,ntmix,psi2s,nonprompt,50,NonpromptPsi2SToJPsiPiPi_pThat-50_,1.372e4,7.500e-1
PbPb23,ntmix,x3872,prompt,5,PromptX3872ToJPsiRho_pThat-5_,2.111e6,4.400e-1
PbPb23,ntmix,x3872,prompt,10,PromptX3872ToJPsiRho_pThat-10_,1.099e5,6.200e-1
PbPb23,ntmix,x3872,prompt,15,PromptX3872ToJPsiRho_pThat-15_,1.498e4,6.500e-1
PbPb23,ntmix,x3872,prompt,30,PromptX3872ToJPsiRho_pThat-30_,4.718e2,6.800e-1
PbPb23,ntmix,x3872,prompt,50,PromptX3872ToJPsiRho_pThat-50_,3.726e1,8.100e-1
PbPb23,ntmix,x3872,nonprompt,5,NonpromptX3872ToJPsiRho_pThat-5_,2.532e7,3.000e-1
PbPb23,ntmix,x3872,nonprompt,10,NonpromptX3872ToJPsiRho_pThat-10_,5.314e6,3.800e-1
PbPb23,ntmix,x3872,nonprompt,15,NonpromptX3872ToJPsiRho_pThat-15_,1.500e6,3.800e-1
PbPb23,ntmix,x3872,nonprompt,30,NonpromptX3872ToJPsiRho_pThat-30_,1.167e5,3.900e-1
PbPb23,ntmix,x3872,nonprompt,50,NonpromptX3872ToJPsiRho_pThat-50_,1.464e4,4.000e-1
ppRef,ntKp,bplus,inclusive,5,Bplus_to_JPsiK_pthat5_Bfinder/,1.588e10,3.400e-3
ppRef,ntKp,bplus,inclusive,10,Bplus_to_JPsiK_pthat10_Bfinder/,1.797e9,1.000e-2
ppRef,ntKp,bplus,inclusive,15,Bplus_to_JPsiK_pthat15_Bfinder/,4.412e8,1.300e-2
ppRef,ntKp,bplus,inclusive,30,Bplus_to_JPsiK_pthat30_Bfinder/,3.218e7,1.800e-2
ppRef,ntKp,bplus,inclusive,50,Bplus_to_JPsiK_pthat50_Bfinder/,3.908e6,2.300e-2
# PbPb23 official B-meson productions; n_gen counted from Bfinder/ntGen.
PbPb23,ntKp,bplus,inclusive,5,Bplus_to_JPsiK_pthat5_Bfinder_pbpb23,1.598e10,3.000e-3
PbPb23,ntKp,bplus,inclusive,10,Bplus_to_JPsiK_pthat10_Bfinder_pbpb23,1.809e9,8.500e-3
PbPb23,ntKp,bplus,inclusive,15,Bplus_to_JPsiK_pthat15_Bfinder_pbpb23,4.407e8,1.500e-2
PbPb23,ntKp,bplus,inclusive,30,Bplus_to_JPsiK_pthat30_Bfinder_pbpb23,3.191e7,2.200e-2
PbPb23,ntKp,bplus,inclusive,50,Bplus_to_JPsiK_pthat50_Bfinder_pbpb23,3.924e6,2.400e-2
PbPb23,ntphi,bs,inclusive,5,Bs_to_JPsiPhi_pthat5_Bfinder_pbpb23,1.582e10,8.700e-4
PbPb23,ntphi,bs,inclusive,10,Bs_to_JPsiPhi_pthat10_Bfinder_pbpb23,1.809e9,2.100e-3
PbPb23,ntphi,bs,inclusive,15,Bs_to_JPsiPhi_pthat15_Bfinder_pbpb23,4.414e8,4.600e-3
PbPb23,ntphi,bs,inclusive,30,Bs_to_JPsiPhi_pthat30_Bfinder_pbpb23,3.235e7,3.300e-3
PbPb23,ntphi,bs,inclusive,50,Bs_to_JPsiPhi_pthat50_Bfinder_pbpb23,3.906e6,6.800e-3
PbPb23,ntKstar,bzero,inclusive,5,B0_to_JPsiKStar_pthat5_Bfinder_pbpb23,1.597e10,8.300e-3
PbPb23,ntKstar,bzero,inclusive,10,B0_to_JPsiKStar_pthat10_Bfinder_pbpb23,1.804e9,1.800e-2
PbPb23,ntKstar,bzero,inclusive,15,B0_to_JPsiKStar_pthat15_Bfinder_pbpb23,4.436e8,1.790e-2
PbPb23,ntKstar,bzero,inclusive,30,B0_to_JPsiKStar_pthat30_Bfinder_pbpb23,3.230e7,2.920e-2
PbPb23,ntKstar,bzero,inclusive,50,B0_to_JPsiKStar_pthat50_Bfinder_pbpb23,3.894e6,3.300e-2
